StudentID,FirstName,LastName,Gender,DateOfBirth,EnrollmentDate,PhoneNumber,Email,Major
1,Asaf,Shuster,Male,2003-09-24,2024-10-09,+972 57-804-4413,asaf.shuster@university.ac.il,Physics
2,Shaked,Avrahami,Female,2001-09-18,2023-06-05,+972 54-691-4076,shaked.avrahami@university.ac.il,Mathematics
3,Raz,Lavi,Female,2001-08-10,2024-01-29,+972 58-122-7057,raz.lavi@university.ac.il,Computer Science
4,Hadar,Tzukrel,Female,2007-01-14,2024-03-12,+972 52-965-6719,hadar.tzukrel@university.ac.il,Chemistry
5,Iris,Ben-Zvi,Female,2000-11-22,2024-09-07,+972 51-620-6627,iris.ben-zvi@university.ac.il,Chemistry
6,Eden,Friedman,Female,2002-12-16,2024-01-15,+972 59-467-4847,eden.friedman@university.ac.il,Computer Science
7,Alon,Perlman,Male,2006-10-22,2023-11-08,+972 50-673-7026,alon.perlman@university.ac.il,Biology
8,Yaakov,Ashkenazi,Male,2000-12-20,2024-09-25,+972 55-475-6471,yaakov.ashkenazi@university.ac.il,Mathematics
9,Nadav,Zamir,Male,1999-11-10,2024-01-15,+972 59-767-5535,nadav.zamir@university.ac.il,Mathematics
10,Lior,Soffer,Male,2001-09-14,2023-12-28,+972 59-470-3932,lior.soffer@university.ac.il,Computer Science
11,Yaakov,Shushan,Male,2005-06-15,2023-07-31,+972 52-868-3116,yaakov.shushan@university.ac.il,Mathematics
12,Alon,Harari,Male,2002-11-17,2024-11-20,+972 57-953-9607,alon.harari@university.ac.il,Chemistry
13,David,Sasson,Male,2006-06-25,2024-04-16,+972 56-644-7371,david.sasson@university.ac.il,Biology
14,Omri,Amar,Male,2003-10-05,2024-04-28,+972 50-470-4511,omri.amar@university.ac.il,Mathematics
15,Lior,Shalmon,Male,2002-05-04,2025-01-07,+972 55-784-3427,lior.shalmon@university.ac.il,Mathematics
16,Yaakov,Safra,Male,2004-02-25,2023-12-21,+972 55-564-6455,yaakov.safra@university.ac.il,Mathematics
17,Gadi,Ashkenazi,Male,2003-10-04,2024-01-27,+972 55-817-5150,gadi.ashkenazi@university.ac.il,Chemistry
18,Shay,Zarfati,Male,1999-05-13,2024-09-19,+972 59-750-9499,shay.zarfati@university.ac.il,Chemistry
19,Shira,Shalom,Female,2001-07-20,2024-04-18,+972 53-689-5337,shira.shalom@university.ac.il,Chemistry
20,Raz,Dahan,Female,2003-07-31,2024-10-31,+972 54-986-2602,raz.dahan@university.ac.il,Biology
21,Asaf,Shohat,Male,2000-11-05,2023-09-16,+972 50-765-2214,asaf.shohat@university.ac.il,Physics
22,Noa,Cohen,Female,2000-06-12,2024-11-19,+972 58-556-1313,noa.cohen@university.ac.il,Computer Science
23,Hila,Chaimovitz,Female,2002-02-20,2023-08-08,+972 57-692-7086,hila.chaimovitz@university.ac.il,Chemistry
24,Aviv,Baruch,Male,2003-11-28,2024-02-11,+972 55-467-5371,aviv.baruch@university.ac.il,Chemistry
25,Omri,Elbaz,Male,2002-11-14,2023-07-04,+972 59-591-4364,omri.elbaz@university.ac.il,Mathematics
26,Amit,Tzukrel,Female,2006-12-10,2023-06-29,+972 58-921-3816,amit.tzukrel@university.ac.il,Mathematics
27,Itai,Zarfati,Male,2001-03-16,2025-02-28,+972 54-314-4618,itai.zarfati@university.ac.il,Mathematics
28,Reut,Shaked,Female,2003-05-21,2024-01-22,+972 57-431-9023,reut.shaked@university.ac.il,Biology
29,Gal,Katz,Male,2000-12-24,2023-12-11,+972 57-991-9428,gal.katz@university.ac.il,Physics
30,Gal,Sharon,Male,2002-03-04,2023-06-13,+972 52-958-6744,gal.sharon@university.ac.il,Mathematics
31,Aviv,Halevi,Male,2001-07-07,2024-10-13,+972 54-327-9952,aviv.halevi@university.ac.il,Physics
32,Yael,Ezra,Female,2003-10-28,2023-07-25,+972 51-444-4886,yael.ezra@university.ac.il,Biology
33,Tal,Kadosh,Female,2004-10-12,2023-11-24,+972 52-946-1862,tal.kadosh@university.ac.il,Chemistry
34,Iris,Goren,Female,1999-05-31,2025-02-14,+972 58-696-2424,iris.goren@university.ac.il,Chemistry
35,Eliana,Ashkenazi,Female,2006-03-01,2024-08-14,+972 59-931-7629,eliana.ashkenazi@university.ac.il,Physics
36,Omri,Rosenberg,Male,2001-08-10,2024-12-10,+972 51-900-5556,omri.rosenberg@university.ac.il,Chemistry
37,Eliana,Zarfati,Female,2004-07-14,2024-08-10,+972 57-837-7151,eliana.zarfati@university.ac.il,Biology
38,Omri,Ben-Tovim,Male,2003-11-18,2024-02-07,+972 51-527-5109,omri.ben-tovim@university.ac.il,Computer Science
39,Reut,Shapiro,Female,1999-05-07,2024-11-23,+972 52-376-6294,reut.shapiro@university.ac.il,Mathematics
40,Eliana,Katz,Female,2001-03-09,2024-10-20,+972 50-492-8991,eliana.katz@university.ac.il,Physics
41,Omer,Zohar,Male,2004-10-23,2024-12-15,+972 58-488-7938,omer.zohar@university.ac.il,Physics
42,Tal,Chaimovitz,Female,1999-05-01,2023-12-03,+972 58-829-2049,tal.chaimovitz@university.ac.il,Mathematics
43,Lior,Elbaz,Male,2002-06-19,2025-03-10,+972 59-490-3392,lior.elbaz@university.ac.il,Chemistry
44,Daniel,Luzon,Male,2005-09-05,2024-10-03,+972 52-311-2029,daniel.luzon@university.ac.il,Chemistry
45,Omri,Menachem,Male,2003-07-02,2023-08-17,+972 57-782-6582,omri.menachem@university.ac.il,Physics
46,Omer,Levi,Male,2000-04-05,2024-08-17,+972 52-467-5565,omer.levi@university.ac.il,Physics
47,Amit,Shalmon,Female,2001-02-16,2024-04-24,+972 53-281-8195,amit.shalmon@university.ac.il,Mathematics
48,Hila,Ashkenazi,Female,2002-12-05,2024-09-17,+972 56-513-5987,hila.ashkenazi@university.ac.il,Physics
49,Rivka,Gavrieli,Female,2007-01-09,2023-06-16,+972 51-407-2641,rivka.gavrieli@university.ac.il,Mathematics
50,Talia,Ben-Ami,Female,1999-04-26,2024-03-30,+972 54-798-7845,talia.ben-ami@university.ac.il,Computer Science
51,Shira,Eliyahu,Female,2002-05-12,2024-11-29,+972 53-203-5622,shira.eliyahu@university.ac.il,Physics
52,Eliana,Gerstein,Female,2000-11-24,2024-12-18,+972 52-124-1943,eliana.gerstein@university.ac.il,Physics
53,Lior,Gabbai,Male,2003-11-28,2024-04-16,+972 58-314-5339,lior.gabbai@university.ac.il,Chemistry
54,Tamar,Gavish,Female,2000-11-25,2023-11-15,+972 59-872-8134,tamar.gavish@university.ac.il,Physics
55,Shira,Ben-Ami,Female,2005-08-21,2023-11-26,+972 57-555-4442,shira.ben-ami@university.ac.il,Computer Science
56,Talia,Kuperstein,Female,2001-10-09,2025-01-02,+972 53-975-3492,talia.kuperstein@university.ac.il,Computer Science
57,Yossi,Gavrieli,Male,2000-04-10,2024-07-20,+972 59-817-9091,yossi.gavrieli@university.ac.il,Physics
58,Tal,Ozeri,Female,2004-01-31,2024-08-04,+972 55-947-1551,tal.ozeri@university.ac.il,Biology
59,Hila,Cohen,Female,2003-11-06,2024-05-16,+972 52-427-7767,hila.cohen@university.ac.il,Biology
60,Yossi,Katz,Male,2005-12-03,2024-03-31,+972 56-572-8220,yossi.katz@university.ac.il,Computer Science
61,Hadar,Bashan,Female,2004-07-14,2025-01-08,+972 54-561-9239,hadar.bashan@university.ac.il,Physics
62,Aviv,Halperin,Male,2006-03-04,2024-04-28,+972 53-539-9158,aviv.halperin@university.ac.il,Biology
63,Omri,Turgeman,Male,2003-03-07,2024-06-16,+972 57-543-4497,omri.turgeman@university.ac.il,Chemistry
64,Eliana,Natan,Female,2004-02-07,2023-06-23,+972 56-665-5958,eliana.natan@university.ac.il,Mathematics
65,Nitzan,Harel,Female,2002-03-16,2023-09-15,+972 51-113-9352,nitzan.harel@university.ac.il,Mathematics
66,Maya,Rabinovich,Female,2000-07-17,2024-08-20,+972 53-633-5367,maya.rabinovich@university.ac.il,Biology
67,Eitan,Halevi,Male,2005-04-20,2024-04-13,+972 52-109-5426,eitan.halevi@university.ac.il,Chemistry
68,Nadav,Peretz,Male,2004-01-12,2024-05-13,+972 50-602-7406,nadav.peretz@university.ac.il,Chemistry
69,Itai,Elbaz,Male,2006-11-06,2024-11-07,+972 55-720-2741,itai.elbaz@university.ac.il,Chemistry
70,Hila,Shimon,Female,2002-08-10,2023-06-27,+972 50-922-2407,hila.shimon@university.ac.il,Computer Science
71,Maya,Tzukrel,Female,2006-12-30,2024-08-07,+972 50-976-8487,maya.tzukrel@university.ac.il,Mathematics
72,Yossi,Mizrahi,Male,2006-02-02,2024-04-10,+972 58-643-1096,yossi.mizrahi@university.ac.il,Computer Science
73,Nadav,Mor,Male,2000-07-06,2025-02-16,+972 56-596-6274,nadav.mor@university.ac.il,Biology
74,Tal,Malka,Female,2004-07-24,2023-12-19,+972 52-799-6679,tal.malka@university.ac.il,Biology
75,Gal,Shimon,Male,2006-07-12,2024-03-04,+972 52-270-2963,gal.shimon@university.ac.il,Biology
76,Raz,Ben-David,Female,1999-08-24,2024-04-03,+972 58-736-9928,raz.ben-david@university.ac.il,Biology
77,Eden,Levi,Female,2003-04-13,2024-02-29,+972 52-409-7663,eden.levi@university.ac.il,Computer Science
78,Nitzan,Tzukrel,Female,2000-09-25,2023-11-30,+972 55-948-6686,nitzan.tzukrel@university.ac.il,Chemistry
79,Lior,Goldstein,Male,2002-07-01,2024-06-16,+972 56-832-2408,lior.goldstein@university.ac.il,Computer Science
80,Rivka,Levi,Female,2006-07-02,2024-01-13,+972 56-701-1481,rivka.levi@university.ac.il,Chemistry
81,Shaked,Gavish,Female,2001-09-28,2023-11-05,+972 56-358-5894,shaked.gavish@university.ac.il,Chemistry
82,Noa,Eliyahu,Female,2001-09-26,2024-10-16,+972 50-364-3898,noa.eliyahu@university.ac.il,Chemistry
83,Tal,Peretz,Female,2001-11-21,2024-09-01,+972 55-921-5841,tal.peretz@university.ac.il,Computer Science
84,Lior,Azoulay,Male,2004-12-03,2024-07-21,+972 55-855-6284,lior.azoulay@university.ac.il,Biology
85,Noa,Gabbay,Female,2003-03-22,2024-01-21,+972 53-657-1570,noa.gabbay@university.ac.il,Chemistry
86,Nadav,Tzukrel,Male,2001-12-27,2024-04-01,+972 59-168-8398,nadav.tzukrel@university.ac.il,Computer Science
87,Omri,Rosenberg,Male,2006-05-10,2024-11-27,+972 58-254-3716,omri.rosenberg@university.ac.il,Physics
88,Eitan,Harari,Male,2004-04-05,2025-01-13,+972 55-588-4982,eitan.harari@university.ac.il,Physics
89,Rivka,Luzon,Female,2002-02-26,2024-07-05,+972 56-611-9762,rivka.luzon@university.ac.il,Biology
90,Shay,Shoshani,Male,2005-09-16,2025-01-03,+972 58-750-7328,shay.shoshani@university.ac.il,Computer Science
91,Gal,Eliyahu,Male,2003-11-14,2024-11-15,+972 53-212-7525,gal.eliyahu@university.ac.il,Chemistry
92,Eliana,Mizrahi,Female,2005-10-21,2024-01-05,+972 59-832-8465,eliana.mizrahi@university.ac.il,Computer Science
93,Iris,Baruch,Female,2004-09-03,2025-03-14,+972 55-416-7562,iris.baruch@university.ac.il,Chemistry
94,Ron,Ezra,Male,2003-10-26,2024-11-16,+972 50-262-8121,ron.ezra@university.ac.il,Computer Science
95,Aviv,Katz,Male,1999-12-19,2024-01-15,+972 51-560-8764,aviv.katz@university.ac.il,Biology
96,Nadav,Goldstein,Male,2000-08-27,2023-08-19,+972 57-341-2200,nadav.goldstein@university.ac.il,Mathematics
97,Iris,Sharabi,Female,2004-01-01,2024-10-16,+972 50-934-6714,iris.sharabi@university.ac.il,Physics
98,Nitzan,Alfasi,Female,2001-07-28,2024-08-11,+972 54-756-6141,nitzan.alfasi@university.ac.il,Chemistry
99,Hadar,Mizrahi,Female,2006-06-22,2024-06-17,+972 54-467-7759,hadar.mizrahi@university.ac.il,Biology
100,Omer,Avrahami,Male,2004-08-14,2024-01-21,+972 57-297-6630,omer.avrahami@university.ac.il,Biology
101,Aviv,Mor,Male,2006-11-17,2024-04-30,+972 57-895-8670,aviv.mor@university.ac.il,Physics
102,Gal,Shapira,Male,1999-07-08,2023-11-23,+972 54-118-7486,gal.shapira@university.ac.il,Biology
103,Yarden,Yaron,Female,2001-08-11,2025-02-16,+972 53-980-9563,yarden.yaron@university.ac.il,Computer Science
104,Benny,Halperin,Male,2004-04-13,2024-08-30,+972 51-437-2769,benny.halperin@university.ac.il,Chemistry
105,Gadi,Ben-David,Male,2007-03-14,2023-07-15,+972 52-130-4884,gadi.ben-david@university.ac.il,Physics
106,David,Ben-Zvi,Male,2000-05-27,2023-07-16,+972 54-699-8229,david.ben-zvi@university.ac.il,Biology
107,Itai,Shimon,Male,2000-07-23,2024-04-28,+972 56-250-4565,itai.shimon@university.ac.il,Mathematics
108,Reut,Harari,Female,2004-01-09,2023-06-05,+972 52-407-9170,reut.harari@university.ac.il,Mathematics
109,Hadar,Kalach,Female,2005-08-04,2023-11-04,+972 56-587-5969,hadar.kalach@university.ac.il,Mathematics
110,Amit,Halperin,Female,2003-05-07,2025-03-01,+972 56-334-8972,amit.halperin@university.ac.il,Mathematics
111,Maya,Gavrieli,Female,1999-05-20,2023-09-06,+972 55-505-8775,maya.gavrieli@university.ac.il,Biology
112,Rivka,Friedman,Female,2006-09-11,2024-02-23,+972 59-986-2139,rivka.friedman@university.ac.il,Physics
113,Omri,Kalach,Male,2000-01-12,2024-07-23,+972 58-714-6791,omri.kalach@university.ac.il,Physics
114,Gadi,Hershkovitz,Male,2005-09-20,2025-03-18,+972 55-360-4832,gadi.hershkovitz@university.ac.il,Chemistry
115,Reut,Navon,Female,2004-10-12,2024-01-29,+972 58-164-7689,reut.navon@university.ac.il,Computer Science
116,Benny,Gerstein,Male,2003-04-30,2025-01-17,+972 52-179-8182,benny.gerstein@university.ac.il,Physics
117,Talia,Lavi,Female,2002-08-20,2025-02-28,+972 59-775-2992,talia.lavi@university.ac.il,Biology
118,Hadar,Givon,Female,2001-12-14,2023-09-22,+972 50-510-5846,hadar.givon@university.ac.il,Mathematics
119,Rivka,Tal,Female,1999-07-08,2023-04-24,+972 55-117-3507,rivka.tal@university.ac.il,Biology
120,Eden,Ben-Tovim,Female,1999-11-30,2023-11-26,+972 58-179-1335,eden.ben-tovim@university.ac.il,Chemistry
121,Gadi,Hershkovitz,Male,2005-08-18,2024-07-04,+972 53-570-7703,gadi.hershkovitz@university.ac.il,Mathematics
122,Gavriel,Shimon,Male,2002-02-25,2024-12-07,+972 59-373-2624,gavriel.shimon@university.ac.il,Chemistry
123,Daniel,Menachem,Male,2002-04-21,2024-08-15,+972 54-289-4310,daniel.menachem@university.ac.il,Physics
124,Gadi,Harel,Male,2006-04-28,2023-07-28,+972 51-389-5065,gadi.harel@university.ac.il,Computer Science
125,Rivka,Harari,Female,1999-12-17,2023-11-23,+972 52-692-6603,rivka.harari@university.ac.il,Physics
126,Omer,Azoulay,Male,2000-01-29,2024-06-28,+972 57-872-1938,omer.azoulay@university.ac.il,Mathematics
127,Nadav,Zarfati,Male,1999-05-14,2024-01-17,+972 50-542-4977,nadav.zarfati@university.ac.il,Mathematics
128,Nitzan,Shaked,Female,2007-02-05,2024-07-03,+972 57-105-4140,nitzan.shaked@university.ac.il,Chemistry
129,Hadar,Shalmon,Female,2001-03-24,2025-02-01,+972 56-173-5612,hadar.shalmon@university.ac.il,Physics
130,Gavriel,Zarfati,Male,2005-03-30,2023-08-28,+972 50-330-4734,gavriel.zarfati@university.ac.il,Mathematics
131,Shay,Chaimovitz,Male,2003-01-09,2023-07-22,+972 51-613-1400,shay.chaimovitz@university.ac.il,Computer Science
132,Yarden,Harel,Female,2004-11-21,2024-05-02,+972 54-552-1965,yarden.harel@university.ac.il,Chemistry
133,Nadav,Gavrieli,Male,2000-10-01,2023-08-20,+972 51-551-2680,nadav.gavrieli@university.ac.il,Chemistry
134,Shira,Alfasi,Female,2003-12-29,2024-05-10,+972 53-919-8157,shira.alfasi@university.ac.il,Biology
135,Yael,Sasson,Female,1999-12-06,2024-08-26,+972 59-697-2157,yael.sasson@university.ac.il,Mathematics
136,Michal,Biton,Female,2004-10-14,2023-11-20,+972 59-132-9547,michal.biton@university.ac.il,Mathematics
137,Omer,Givon,Male,2007-02-01,2025-03-18,+972 51-372-4990,omer.givon@university.ac.il,Computer Science
138,Yaakov,Ben-Tovim,Male,2005-12-06,2024-08-07,+972 53-849-4087,yaakov.ben-tovim@university.ac.il,Chemistry
139,Ron,Gabbay,Male,2005-10-01,2024-05-06,+972 56-860-9575,ron.gabbay@university.ac.il,Mathematics
140,Tamar,Shoshan,Female,2005-03-11,2023-06-24,+972 50-550-4933,tamar.shoshan@university.ac.il,Chemistry
141,Gadi,Shalmon,Male,2006-03-06,2024-07-14,+972 52-651-6154,gadi.shalmon@university.ac.il,Physics
142,Nadav,Ben-David,Male,2002-02-13,2025-01-02,+972 53-189-6868,nadav.ben-david@university.ac.il,Chemistry
143,Eitan,Gerstein,Male,2007-02-08,2024-01-11,+972 59-821-9824,eitan.gerstein@university.ac.il,Computer Science
144,Hadar,Shaked,Female,2004-06-03,2023-04-19,+972 52-843-3846,hadar.shaked@university.ac.il,Biology
145,Reut,Rabinovich,Female,2006-05-03,2023-04-14,+972 56-952-2838,reut.rabinovich@university.ac.il,Chemistry
146,Nitzan,Mizrahi,Female,2000-05-05,2024-02-01,+972 54-667-1224,nitzan.mizrahi@university.ac.il,Physics
147,Shaked,Tal,Female,2006-10-03,2023-06-04,+972 58-435-2113,shaked.tal@university.ac.il,Computer Science
148,Eden,Tal,Female,2003-08-25,2023-06-15,+972 50-829-5345,eden.tal@university.ac.il,Computer Science
149,Asaf,Harari,Male,2002-06-29,2025-03-01,+972 57-222-8274,asaf.harari@university.ac.il,Mathematics
150,Tamar,Shimon,Female,2005-07-10,2024-11-24,+972 54-352-8450,tamar.shimon@university.ac.il,Computer Science
151,Iris,Ben-David,Female,1999-12-08,2024-04-11,+972 57-681-3650,iris.ben-david@university.ac.il,Biology
152,Hila,Shoshani,Female,2004-04-04,2024-03-28,+972 57-620-8939,hila.shoshani@university.ac.il,Chemistry
153,Reut,Sasson,Female,2004-02-16,2024-05-23,+972 55-685-1246,reut.sasson@university.ac.il,Biology
154,Tamar,Safra,Female,2007-02-02,2024-06-25,+972 59-868-1675,tamar.safra@university.ac.il,Physics
155,Eden,Goren,Female,2007-02-11,2024-08-11,+972 52-866-7747,eden.goren@university.ac.il,Computer Science
156,Omri,Eliyahu,Male,2004-09-09,2024-04-28,+972 59-219-3147,omri.eliyahu@university.ac.il,Physics
157,Eitan,Kadosh,Male,2005-09-27,2025-01-09,+972 57-884-6777,eitan.kadosh@university.ac.il,Biology
158,Hadar,Gavish,Female,2002-01-24,2024-05-04,+972 58-112-2852,hadar.gavish@university.ac.il,Biology
159,Shira,Safra,Female,2000-05-20,2025-02-06,+972 51-353-9257,shira.safra@university.ac.il,Biology
160,Asaf,Sharon,Male,2002-05-10,2025-02-08,+972 57-236-9017,asaf.sharon@university.ac.il,Mathematics
161,Yossi,Lavi,Male,1999-03-30,2023-04-29,+972 53-447-8633,yossi.lavi@university.ac.il,Biology
162,Rivka,Kadosh,Female,2006-10-07,2024-08-15,+972 52-382-5754,rivka.kadosh@university.ac.il,Mathematics
163,Eden,Berkovitz,Female,2006-03-29,2024-02-11,+972 52-167-2848,eden.berkovitz@university.ac.il,Biology
164,David,Sharabi,Male,2005-08-27,2024-12-13,+972 52-807-4289,david.sharabi@university.ac.il,Physics
165,Tal,Zohar,Female,2006-08-21,2024-11-10,+972 56-177-3322,tal.zohar@university.ac.il,Physics
166,Gal,Shushan,Male,2001-07-14,2023-12-17,+972 50-101-9069,gal.shushan@university.ac.il,Biology
167,Raz,Levi,Female,2000-03-04,2023-11-20,+972 58-907-7154,raz.levi@university.ac.il,Mathematics
168,Eitan,Hadad,Male,2003-08-25,2023-06-30,+972 59-769-2215,eitan.hadad@university.ac.il,Mathematics
169,Iris,Luzon,Female,2005-12-22,2025-02-17,+972 59-204-7756,iris.luzon@university.ac.il,Computer Science
170,Talia,Baruch,Female,2003-04-10,2024-04-23,+972 51-823-2885,talia.baruch@university.ac.il,Computer Science
171,Yaakov,Ben-David,Male,2004-08-20,2024-03-24,+972 54-696-6007,yaakov.ben-david@university.ac.il,Biology
172,Michal,Halevi,Female,2002-09-08,2024-08-07,+972 58-277-7366,michal.halevi@university.ac.il,Chemistry
173,Omri,Eliyahu,Male,2001-08-17,2024-10-22,+972 58-950-9541,omri.eliyahu@university.ac.il,Chemistry
174,Omri,Gavish,Male,2000-05-14,2023-05-30,+972 52-482-1535,omri.gavish@university.ac.il,Computer Science
175,Maya,Turgeman,Female,1999-07-23,2025-01-25,+972 59-857-1739,maya.turgeman@university.ac.il,Biology
176,Noa,Gabbay,Female,2003-04-13,2023-05-17,+972 56-129-5485,noa.gabbay@university.ac.il,Physics
177,Reut,Shapira,Female,2001-06-02,2023-08-25,+972 51-336-7603,reut.shapira@university.ac.il,Mathematics
178,Shay,Lavi,Male,2000-10-22,2024-10-23,+972 52-450-3998,shay.lavi@university.ac.il,Biology
179,Itai,Soffer,Male,2006-03-01,2024-09-12,+972 58-360-7737,itai.soffer@university.ac.il,Mathematics
180,Amit,Harel,Female,2007-03-12,2024-04-30,+972 55-403-9812,amit.harel@university.ac.il,Physics
181,Lior,Shapira,Male,2006-08-10,2025-02-16,+972 58-261-4480,lior.shapira@university.ac.il,Chemistry
182,Benny,Chaimovitz,Male,2004-12-25,2023-10-05,+972 54-252-4794,benny.chaimovitz@university.ac.il,Physics
183,Ron,Zamir,Male,2003-04-04,2023-10-07,+972 50-971-4547,ron.zamir@university.ac.il,Mathematics
184,Tal,Malka,Female,2003-07-21,2024-11-08,+972 53-290-8069,tal.malka@university.ac.il,Chemistry
185,Yaakov,Shohat,Male,2001-04-01,2024-11-23,+972 54-834-6860,yaakov.shohat@university.ac.il,Physics
186,Gadi,Shohat,Male,2005-05-27,2024-11-12,+972 59-603-2206,gadi.shohat@university.ac.il,Computer Science
187,Lior,Shoshan,Male,2000-03-19,2024-03-18,+972 57-831-4349,lior.shoshan@university.ac.il,Biology
188,Yael,Mizrahi,Female,2002-01-23,2023-10-14,+972 55-145-8468,yael.mizrahi@university.ac.il,Computer Science
189,Eden,Golan,Female,2001-01-08,2024-09-08,+972 58-971-4512,eden.golan@university.ac.il,Biology
190,Raz,Cohen,Female,2004-07-18,2024-09-02,+972 54-970-1147,raz.cohen@university.ac.il,Biology
191,Amit,Harel,Female,2005-04-10,2025-01-05,+972 56-829-9142,amit.harel@university.ac.il,Biology
192,Eden,Tzukrel,Female,2006-12-01,2024-09-09,+972 58-403-3726,eden.tzukrel@university.ac.il,Computer Science
193,Nitzan,Perlman,Female,2006-03-15,2023-06-21,+972 50-843-2131,nitzan.perlman@university.ac.il,Computer Science
194,Yonatan,Peretz,Male,2000-11-26,2024-05-02,+972 50-620-4730,yonatan.peretz@university.ac.il,Chemistry
195,Shira,Harari,Female,1999-06-09,2023-04-17,+972 59-549-4708,shira.harari@university.ac.il,Computer Science
196,Yossi,Shoshan,Male,2002-08-15,2024-03-10,+972 50-611-3089,yossi.shoshan@university.ac.il,Computer Science
197,Hadar,Avrahami,Female,2000-10-04,2025-02-28,+972 56-667-2970,hadar.avrahami@university.ac.il,Chemistry
198,Rivka,Baruch,Female,2002-05-28,2023-07-30,+972 51-971-4895,rivka.baruch@university.ac.il,Mathematics
199,Daniel,Golan,Male,2001-03-10,2023-05-27,+972 55-308-4664,daniel.golan@university.ac.il,Biology
200,Yossi,Sasson,Male,2001-09-15,2023-09-18,+972 58-409-6297,yossi.sasson@university.ac.il,Mathematics
201,Yarden,Avraham,Female,2006-10-12,2023-04-28,+972 59-870-6674,yarden.avraham@university.ac.il,Chemistry
202,Hadar,Harari,Female,2000-07-05,2025-01-19,+972 55-627-8907,hadar.harari@university.ac.il,Computer Science
203,Amit,Sharon,Female,1999-07-16,2024-09-08,+972 50-620-5400,amit.sharon@university.ac.il,Physics
204,Eden,Avraham,Female,2004-08-30,2023-04-04,+972 55-792-8158,eden.avraham@university.ac.il,Physics
205,Gavriel,Bashan,Male,2001-08-10,2024-08-10,+972 54-632-9013,gavriel.bashan@university.ac.il,Chemistry
206,Yonatan,Tzukrel,Male,2000-05-19,2024-07-26,+972 59-699-7286,yonatan.tzukrel@university.ac.il,Chemistry
207,Omer,Harel,Male,2006-08-07,2024-05-07,+972 51-754-9720,omer.harel@university.ac.il,Mathematics
208,Tal,Kadosh,Female,2005-06-25,2024-01-30,+972 51-187-1147,tal.kadosh@university.ac.il,Biology
209,Reut,Shalom,Female,2000-04-03,2024-01-20,+972 58-920-6461,reut.shalom@university.ac.il,Biology
210,Yarden,Tzukrel,Female,2006-03-17,2023-04-11,+972 51-947-5624,yarden.tzukrel@university.ac.il,Biology
211,Omri,Gavrieli,Male,1999-04-08,2023-12-24,+972 55-772-3146,omri.gavrieli@university.ac.il,Physics
212,Michal,Goldstein,Female,2007-01-06,2024-10-17,+972 54-961-1948,michal.goldstein@university.ac.il,Chemistry
213,Iris,Katz,Female,1999-12-22,2023-06-19,+972 54-974-2550,iris.katz@university.ac.il,Physics
214,David,Givon,Male,2003-02-12,2023-12-04,+972 54-592-5405,david.givon@university.ac.il,Mathematics
215,Daniel,Shalom,Male,2000-07-22,2023-09-26,+972 51-975-9098,daniel.shalom@university.ac.il,Chemistry
216,Shira,Harari,Female,2000-07-24,2023-06-09,+972 59-277-1576,shira.harari@university.ac.il,Physics
217,Alon,Azoulay,Male,2002-04-03,2023-06-08,+972 59-102-4398,alon.azoulay@university.ac.il,Mathematics
218,Noa,Safra,Female,2003-10-05,2023-08-23,+972 55-253-5419,noa.safra@university.ac.il,Computer Science
219,Reut,Goldstein,Female,2000-06-20,2024-03-02,+972 58-567-2265,reut.goldstein@university.ac.il,Mathematics
220,Shaked,Abraham,Female,2000-11-22,2024-02-19,+972 58-370-4949,shaked.abraham@university.ac.il,Mathematics
221,Tamar,Navon,Female,2005-10-15,2023-07-20,+972 56-341-9982,tamar.navon@university.ac.il,Physics
222,Rivka,Natan,Female,2001-05-04,2024-07-20,+972 57-406-8397,rivka.natan@university.ac.il,Computer Science
223,Aviv,Sasson,Male,2004-11-18,2023-04-07,+972 57-335-6646,aviv.sasson@university.ac.il,Biology
224,Amit,Gabbai,Female,1999-12-18,2023-12-28,+972 55-895-1887,amit.gabbai@university.ac.il,Physics
225,Amit,Rabinovich,Female,2004-09-02,2023-08-22,+972 51-195-7780,amit.rabinovich@university.ac.il,Mathematics
226,Noa,Sasson,Female,2004-03-31,2023-06-27,+972 50-801-4234,noa.sasson@university.ac.il,Computer Science
227,Shay,Amar,Male,2006-08-26,2025-03-26,+972 57-327-7018,shay.amar@university.ac.il,Computer Science
228,Iris,Ben-Zvi,Female,2006-02-16,2024-02-17,+972 56-562-2848,iris.ben-zvi@university.ac.il,Mathematics
229,Nadav,Rabinovich,Male,2000-09-07,2024-01-25,+972 50-597-2436,nadav.rabinovich@university.ac.il,Biology
230,Reut,Ezra,Female,2000-01-30,2024-05-17,+972 56-732-5385,reut.ezra@university.ac.il,Physics
231,Gal,Golan,Male,2007-01-29,2024-02-26,+972 54-549-6307,gal.golan@university.ac.il,Chemistry
232,Ron,Golan,Male,2005-12-10,2023-05-28,+972 52-275-6753,ron.golan@university.ac.il,Mathematics
233,Hila,Soffer,Female,2004-02-04,2023-09-16,+972 51-952-6317,hila.soffer@university.ac.il,Computer Science
234,Ron,Shalmon,Male,2000-04-05,2023-10-21,+972 55-636-2322,ron.shalmon@university.ac.il,Computer Science
235,Michal,Abraham,Female,2002-01-04,2023-08-30,+972 59-839-9468,michal.abraham@university.ac.il,Computer Science
236,Eliana,Eliyahu,Female,2004-07-21,2025-03-04,+972 57-991-6379,eliana.eliyahu@university.ac.il,Physics
237,Aviv,Elbaz,Male,2006-08-09,2025-01-20,+972 57-310-6800,aviv.elbaz@university.ac.il,Biology
238,Maya,Avraham,Female,2007-02-28,2023-07-05,+972 50-664-4431,maya.avraham@university.ac.il,Computer Science
239,Raz,Shaked,Female,2002-03-10,2024-06-18,+972 50-668-8043,raz.shaked@university.ac.il,Computer Science
240,Rivka,Katz,Female,2006-05-22,2024-04-26,+972 50-394-8527,rivka.katz@university.ac.il,Mathematics
241,Nadav,Shohat,Male,2000-04-05,2024-07-04,+972 58-795-8318,nadav.shohat@university.ac.il,Computer Science
242,Yonatan,Elbaz,Male,2001-06-04,2023-06-16,+972 50-678-9641,yonatan.elbaz@university.ac.il,Mathematics
243,Rivka,Harari,Female,2006-04-26,2024-07-16,+972 52-977-9070,rivka.harari@university.ac.il,Physics
244,Yarden,Gerstein,Female,2004-07-19,2024-08-25,+972 53-690-5687,yarden.gerstein@university.ac.il,Physics
245,Gal,Dahan,Male,2004-06-28,2024-11-17,+972 54-420-1816,gal.dahan@university.ac.il,Mathematics
246,Iris,Zamir,Female,2007-03-03,2024-07-18,+972 55-920-1961,iris.zamir@university.ac.il,Computer Science
247,Gadi,Cohen,Male,2000-12-01,2024-08-23,+972 59-793-4118,gadi.cohen@university.ac.il,Computer Science
248,Raz,Lavi,Female,2001-10-25,2025-01-14,+972 56-356-8941,raz.lavi@university.ac.il,Physics
249,Yonatan,Ben-Tovim,Male,2003-11-12,2024-10-16,+972 51-772-5751,yonatan.ben-tovim@university.ac.il,Computer Science
250,Hila,Mizrahi,Female,2004-06-26,2024-01-29,+972 55-616-4120,hila.mizrahi@university.ac.il,Mathematics
251,Benny,Rosenberg,Male,2006-04-12,2025-03-25,+972 50-282-5538,benny.rosenberg@university.ac.il,Computer Science
252,Shaked,Carmi,Female,2005-03-15,2023-05-28,+972 51-307-2890,shaked.carmi@university.ac.il,Chemistry
253,Eitan,Harari,Male,2003-01-02,2024-12-11,+972 56-986-2736,eitan.harari@university.ac.il,Biology
254,Yossi,Shabtai,Male,2003-07-27,2024-09-27,+972 55-168-5662,yossi.shabtai@university.ac.il,Computer Science
255,Yossi,Biton,Male,2000-06-04,2023-07-04,+972 53-695-8116,yossi.biton@university.ac.il,Chemistry
256,Asaf,Berkovitz,Male,2005-06-04,2023-08-09,+972 55-734-3015,asaf.berkovitz@university.ac.il,Biology
257,Eliana,Mizrahi,Female,2004-12-15,2023-06-24,+972 50-555-2902,eliana.mizrahi@university.ac.il,Physics
258,Ron,Halperin,Male,1999-12-19,2024-02-19,+972 53-371-8748,ron.halperin@university.ac.il,Mathematics
259,Hila,Cohen,Female,2001-12-19,2025-01-24,+972 52-969-5765,hila.cohen@university.ac.il,Biology
260,Hila,Mor,Female,2001-01-05,2023-09-24,+972 54-186-5312,hila.mor@university.ac.il,Physics
261,Itai,Eliyahu,Male,2006-10-29,2024-03-18,+972 59-333-4407,itai.eliyahu@university.ac.il,Physics
262,Talia,Dayan,Female,2005-08-12,2023-06-18,+972 54-346-4310,talia.dayan@university.ac.il,Computer Science
263,Benny,Cohen,Male,2005-06-14,2024-09-11,+972 57-330-8602,benny.cohen@university.ac.il,Computer Science
264,Hadar,Sharabi,Female,2003-05-08,2024-09-29,+972 58-431-5597,hadar.sharabi@university.ac.il,Biology
265,Yossi,Goren,Male,2002-02-26,2024-01-09,+972 59-303-9303,yossi.goren@university.ac.il,Chemistry
266,Iris,Kadosh,Female,2003-09-27,2023-03-28,+972 56-490-6306,iris.kadosh@university.ac.il,Mathematics
267,Omer,Halperin,Male,2007-03-19,2023-10-25,+972 56-970-6807,omer.halperin@university.ac.il,Chemistry
268,Tal,Levi,Female,2001-04-23,2024-03-08,+972 51-972-2946,tal.levi@university.ac.il,Chemistry
269,Eliana,Halperin,Female,2002-09-07,2024-06-27,+972 55-800-3889,eliana.halperin@university.ac.il,Biology
270,Asaf,Ben-Zvi,Male,2005-03-26,2023-09-09,+972 51-232-3967,asaf.ben-zvi@university.ac.il,Chemistry
271,Michal,Friedman,Female,2000-10-27,2024-08-11,+972 50-532-2444,michal.friedman@university.ac.il,Computer Science
272,Yonatan,Amar,Male,2003-06-18,2025-02-22,+972 55-983-9119,yonatan.amar@university.ac.il,Biology
273,Shay,Chaimovitz,Male,2002-02-08,2023-05-11,+972 51-736-3897,shay.chaimovitz@university.ac.il,Mathematics
274,Eliana,Ben-David,Female,2005-01-16,2023-11-15,+972 52-690-9363,eliana.ben-david@university.ac.il,Physics
275,Benny,Shabtai,Male,2000-05-13,2023-06-24,+972 50-222-4909,benny.shabtai@university.ac.il,Computer Science
276,Aviv,Avraham,Male,1999-08-01,2023-09-19,+972 55-957-8040,aviv.avraham@university.ac.il,Biology
277,Yaakov,Hadad,Male,1999-10-11,2023-09-19,+972 52-282-3048,yaakov.hadad@university.ac.il,Physics
278,Omri,Shaked,Male,2003-02-10,2024-01-03,+972 57-592-1096,omri.shaked@university.ac.il,Computer Science
279,Noa,Mor,Female,2006-09-06,2023-05-22,+972 56-650-6613,noa.mor@university.ac.il,Computer Science
280,Eliana,Abraham,Female,2003-11-03,2023-12-15,+972 55-765-2509,eliana.abraham@university.ac.il,Chemistry
281,Yaakov,Dahan,Male,2003-06-28,2024-12-17,+972 58-445-5141,yaakov.dahan@university.ac.il,Physics
282,Itai,Shapiro,Male,2005-10-31,2024-06-13,+972 56-418-2723,itai.shapiro@university.ac.il,Mathematics
283,Iris,Menachem,Female,1999-09-04,2024-07-23,+972 50-564-1815,iris.menachem@university.ac.il,Computer Science
284,Yarden,Chaimovitz,Female,2007-02-28,2023-11-08,+972 56-401-6825,yarden.chaimovitz@university.ac.il,Mathematics
285,Shira,Shalmon,Female,2003-05-11,2024-10-28,+972 57-265-3013,shira.shalmon@university.ac.il,Chemistry
286,Tal,Azoulay,Female,2004-03-09,2024-11-17,+972 50-997-8897,tal.azoulay@university.ac.il,Physics
287,Alon,Shohat,Male,2001-11-06,2024-11-28,+972 55-746-5308,alon.shohat@university.ac.il,Biology
288,Reut,Elbaz,Female,2003-08-08,2024-08-09,+972 59-646-4346,reut.elbaz@university.ac.il,Physics
289,Reut,Sharon,Female,2002-09-06,2023-12-05,+972 58-710-3061,reut.sharon@university.ac.il,Biology
290,Aviv,Sasson,Male,2003-04-21,2023-10-12,+972 56-735-5405,aviv.sasson@university.ac.il,Biology
291,Itai,Rabinovich,Male,2000-09-29,2025-03-05,+972 58-827-9494,itai.rabinovich@university.ac.il,Physics
292,Lior,Sharabi,Male,2005-07-29,2024-06-05,+972 54-758-4936,lior.sharabi@university.ac.il,Physics
293,Tal,Sharabi,Female,2002-01-09,2024-06-22,+972 57-862-8357,tal.sharabi@university.ac.il,Chemistry
294,Itai,Shaked,Male,2006-11-20,2025-03-24,+972 52-414-6093,itai.shaked@university.ac.il,Computer Science
295,Gavriel,Cohen,Male,2006-10-02,2024-09-29,+972 58-853-8391,gavriel.cohen@university.ac.il,Chemistry
296,Benny,Kalach,Male,2002-05-17,2024-03-28,+972 54-670-6911,benny.kalach@university.ac.il,Mathematics
297,Raz,Tzukrel,Female,2002-03-16,2024-10-27,+972 53-626-7953,raz.tzukrel@university.ac.il,Biology
298,Shaked,Yaron,Female,2001-07-13,2025-02-02,+972 54-687-5515,shaked.yaron@university.ac.il,Biology
299,Eliana,Berkovitz,Female,2000-07-21,2025-03-05,+972 55-448-9597,eliana.berkovitz@university.ac.il,Chemistry
300,Shaked,Golan,Female,2000-04-21,2025-01-13,+972 58-493-9205,shaked.golan@university.ac.il,Chemistry
301,Ron,Shapira,Male,2001-06-29,2025-02-22,+972 51-865-6765,ron.shapira@university.ac.il,Biology
302,Gal,Zamir,Male,1999-05-07,2024-08-03,+972 51-630-2173,gal.zamir@university.ac.il,Chemistry
303,Omri,Harari,Male,2007-01-07,2024-11-15,+972 50-318-6218,omri.harari@university.ac.il,Biology
304,Nadav,Kadosh,Male,2001-09-28,2024-03-03,+972 50-992-8308,nadav.kadosh@university.ac.il,Computer Science
305,Nitzan,Sasson,Female,2006-11-27,2025-02-15,+972 59-631-2330,nitzan.sasson@university.ac.il,Physics
306,Alon,Yaron,Male,2005-02-14,2024-02-05,+972 54-715-4787,alon.yaron@university.ac.il,Biology
307,Raz,Gabbay,Female,2001-12-11,2023-08-27,+972 53-687-1859,raz.gabbay@university.ac.il,Computer Science
308,Eitan,Sasson,Male,1999-08-05,2023-08-11,+972 50-108-8953,eitan.sasson@university.ac.il,Computer Science
309,Shira,Amar,Female,2004-03-26,2024-10-25,+972 55-850-9878,shira.amar@university.ac.il,Mathematics
310,Gal,Dayan,Male,2006-01-05,2024-02-29,+972 53-301-3357,gal.dayan@university.ac.il,Mathematics
311,Michal,Rosenberg,Female,2006-12-05,2024-11-25,+972 57-850-7514,michal.rosenberg@university.ac.il,Physics
312,Shay,Ozeri,Male,2003-10-17,2024-05-06,+972 50-390-5382,shay.ozeri@university.ac.il,Chemistry
313,Asaf,Shapira,Male,2005-06-02,2024-10-18,+972 57-317-3964,asaf.shapira@university.ac.il,Chemistry
314,Alon,Sasson,Male,2000-05-11,2024-08-05,+972 58-784-7714,alon.sasson@university.ac.il,Mathematics
315,Daniel,Shimon,Male,2004-12-26,2024-02-23,+972 55-564-4360,daniel.shimon@university.ac.il,Physics
316,Lior,Elbaz,Male,2000-03-15,2024-04-30,+972 51-470-8688,lior.elbaz@university.ac.il,Mathematics
317,Tamar,Mizrahi,Female,2006-06-27,2023-08-13,+972 54-291-7696,tamar.mizrahi@university.ac.il,Biology
318,Lior,Shimon,Male,2002-01-03,2025-02-15,+972 59-335-4269,lior.shimon@university.ac.il,Mathematics
319,Iris,Zarfati,Female,2003-08-02,2023-08-17,+972 55-532-4488,iris.zarfati@university.ac.il,Physics
320,Benny,Gabbay,Male,2003-04-15,2023-10-23,+972 59-385-4765,benny.gabbay@university.ac.il,Chemistry
321,Yonatan,Azoulay,Male,2000-05-25,2025-03-06,+972 55-245-4800,yonatan.azoulay@university.ac.il,Chemistry
322,Gadi,Shapira,Male,2007-02-10,2023-11-29,+972 57-620-5379,gadi.shapira@university.ac.il,Physics
323,David,Cohen,Male,2001-11-05,2023-03-30,+972 57-571-2137,david.cohen@university.ac.il,Mathematics
324,Eitan,Ben-David,Male,2006-09-20,2023-10-02,+972 54-345-3494,eitan.ben-david@university.ac.il,Mathematics
325,Reut,Shoshan,Female,2005-05-19,2024-11-20,+972 57-554-8363,reut.shoshan@university.ac.il,Chemistry
326,Yael,Mor,Female,1999-11-16,2025-03-24,+972 52-702-6021,yael.mor@university.ac.il,Mathematics
327,Yarden,Harari,Female,2006-11-29,2023-06-08,+972 54-306-8268,yarden.harari@university.ac.il,Physics
328,Benny,Malka,Male,2001-11-11,2024-02-24,+972 54-370-5637,benny.malka@university.ac.il,Biology
329,Talia,Wexler,Female,2001-06-21,2023-09-09,+972 51-755-7343,talia.wexler@university.ac.il,Biology
330,Yael,Peretz,Female,2003-12-31,2024-10-03,+972 57-847-6496,yael.peretz@university.ac.il,Computer Science
331,Gadi,Goldstein,Male,2001-09-16,2024-07-02,+972 55-234-8279,gadi.goldstein@university.ac.il,Physics
332,Maya,Avraham,Female,2004-07-20,2024-11-19,+972 51-789-1722,maya.avraham@university.ac.il,Chemistry
333,Daniel,Avraham,Male,2007-03-16,2023-06-07,+972 57-546-9031,daniel.avraham@university.ac.il,Computer Science
334,Daniel,Halperin,Male,2005-03-28,2023-06-27,+972 56-298-3663,daniel.halperin@university.ac.il,Mathematics
335,Rivka,Shoshani,Female,2001-06-10,2024-08-12,+972 55-969-5004,rivka.shoshani@university.ac.il,Biology
336,Omer,Cohen,Male,2004-10-19,2023-05-31,+972 55-285-3691,omer.cohen@university.ac.il,Biology
337,Benny,Avrahami,Male,2005-03-24,2024-10-11,+972 50-216-3685,benny.avrahami@university.ac.il,Chemistry
338,Yonatan,Shaked,Male,2000-11-27,2024-10-25,+972 58-282-6444,yonatan.shaked@university.ac.il,Biology
339,Michal,Shimon,Female,2001-02-26,2023-07-18,+972 57-240-1458,michal.shimon@university.ac.il,Chemistry
340,Omri,Shoshani,Male,2007-01-12,2023-12-17,+972 50-395-4489,omri.shoshani@university.ac.il,Mathematics
341,Yarden,Katz,Female,2006-05-22,2024-07-30,+972 55-270-2064,yarden.katz@university.ac.il,Physics
342,Hadar,Mizrahi,Female,2002-02-12,2024-10-10,+972 50-803-5327,hadar.mizrahi@university.ac.il,Computer Science
343,Daniel,Sasson,Male,2005-10-23,2024-01-30,+972 57-980-7544,daniel.sasson@university.ac.il,Physics
344,Alon,Natan,Male,2005-01-30,2023-10-11,+972 57-872-1294,alon.natan@university.ac.il,Physics
345,Yarden,Golan,Female,2007-01-06,2023-04-02,+972 55-488-9790,yarden.golan@university.ac.il,Physics
346,Iris,Peretz,Female,2002-08-30,2025-01-02,+972 59-157-9162,iris.peretz@university.ac.il,Chemistry
347,Raz,Elbaz,Female,2003-12-30,2024-08-26,+972 58-654-2503,raz.elbaz@university.ac.il,Chemistry
348,Maya,Shapiro,Female,2001-10-25,2023-11-01,+972 59-193-3390,maya.shapiro@university.ac.il,Chemistry
349,Noa,Hadad,Female,2004-01-29,2023-05-06,+972 54-513-8089,noa.hadad@university.ac.il,Biology
350,Nadav,Dahan,Male,2002-01-16,2023-06-27,+972 58-599-5953,nadav.dahan@university.ac.il,Chemistry
351,Alon,Eliyahu,Male,2003-04-15,2024-03-31,+972 52-336-1976,alon.eliyahu@university.ac.il,Physics
352,Asaf,Kuperstein,Male,2005-09-07,2025-02-10,+972 52-136-9138,asaf.kuperstein@university.ac.il,Physics
353,Michal,Navon,Female,1999-12-07,2023-04-17,+972 59-183-2602,michal.navon@university.ac.il,Biology
354,Yossi,Shushan,Male,2003-06-01,2023-12-30,+972 57-689-5773,yossi.shushan@university.ac.il,Physics
355,Amit,Luzon,Female,2001-08-04,2025-03-13,+972 50-126-5643,amit.luzon@university.ac.il,Mathematics
356,Shay,Biton,Male,2001-01-18,2023-12-20,+972 57-306-2360,shay.biton@university.ac.il,Physics
357,Noa,Golan,Female,2002-07-08,2023-09-16,+972 59-674-8369,noa.golan@university.ac.il,Chemistry
358,Yonatan,Hadad,Male,2000-03-04,2024-08-03,+972 50-231-2959,yonatan.hadad@university.ac.il,Computer Science
359,Iris,Givon,Female,2006-08-31,2023-11-17,+972 52-468-7888,iris.givon@university.ac.il,Chemistry
360,Asaf,Goldstein,Male,2005-02-02,2023-08-15,+972 54-329-5273,asaf.goldstein@university.ac.il,Chemistry
361,Omri,Shapira,Male,2006-01-03,2024-08-19,+972 54-345-7885,omri.shapira@university.ac.il,Mathematics
362,Nitzan,Hadad,Female,2003-02-02,2023-11-07,+972 58-535-1001,nitzan.hadad@university.ac.il,Computer Science
363,Iris,Baruch,Female,2006-09-26,2023-08-30,+972 50-105-9982,iris.baruch@university.ac.il,Chemistry
364,Yaakov,Bashan,Male,2002-02-11,2025-03-16,+972 58-963-5396,yaakov.bashan@university.ac.il,Chemistry
365,Eitan,Mizrahi,Male,2005-05-17,2023-05-04,+972 58-545-6271,eitan.mizrahi@university.ac.il,Mathematics
366,Yael,Gavrieli,Female,2000-12-28,2024-02-12,+972 56-244-1689,yael.gavrieli@university.ac.il,Biology
367,Reut,Cohen,Female,2001-02-18,2023-09-29,+972 52-375-7882,reut.cohen@university.ac.il,Computer Science
368,Itai,Ozeri,Male,2007-02-05,2024-01-13,+972 58-214-2869,itai.ozeri@university.ac.il,Chemistry
369,Eitan,Tal,Male,2003-01-20,2023-07-05,+972 56-769-2209,eitan.tal@university.ac.il,Computer Science
370,Yossi,Alfasi,Male,2002-11-12,2023-09-25,+972 54-474-8122,yossi.alfasi@university.ac.il,Physics
371,Tal,Zohar,Female,2004-01-03,2025-02-08,+972 59-781-1598,tal.zohar@university.ac.il,Biology
372,Raz,Hershkovitz,Female,1999-04-15,2023-05-09,+972 50-853-8989,raz.hershkovitz@university.ac.il,Computer Science
373,Eden,Kadosh,Female,2000-12-10,2024-02-16,+972 57-958-8669,eden.kadosh@university.ac.il,Mathematics
374,Itai,Gabbai,Male,2003-09-07,2023-10-03,+972 56-169-7484,itai.gabbai@university.ac.il,Biology
375,Aviv,Goldstein,Male,2006-11-01,2024-02-06,+972 53-268-3078,aviv.goldstein@university.ac.il,Mathematics
376,Yonatan,Gerstein,Male,2003-03-16,2025-01-28,+972 54-885-8741,yonatan.gerstein@university.ac.il,Computer Science
377,Eitan,Dahan,Male,2001-07-17,2023-10-24,+972 51-137-4656,eitan.dahan@university.ac.il,Biology
378,Yarden,Rabinovich,Female,2000-07-27,2025-03-09,+972 50-253-5318,yarden.rabinovich@university.ac.il,Physics
379,Eliana,Shohat,Female,1999-08-30,2024-10-04,+972 50-149-2419,eliana.shohat@university.ac.il,Computer Science
380,Hadar,Gabbay,Female,2003-06-05,2023-10-31,+972 51-655-9640,hadar.gabbay@university.ac.il,Chemistry
381,Benny,Lavi,Male,2001-04-12,2024-04-26,+972 50-850-3247,benny.lavi@university.ac.il,Chemistry
382,Alon,Ben-Tovim,Male,2003-08-25,2024-02-05,+972 54-495-6572,alon.ben-tovim@university.ac.il,Biology
383,Yarden,Amar,Female,2005-07-16,2023-10-24,+972 55-205-5174,yarden.amar@university.ac.il,Mathematics
384,Eliana,Zarfati,Female,2003-01-02,2024-02-11,+972 55-990-6708,eliana.zarfati@university.ac.il,Computer Science
385,Nitzan,Kalach,Female,2000-02-13,2024-12-08,+972 50-755-9033,nitzan.kalach@university.ac.il,Physics
386,Ron,Hadad,Male,2005-02-27,2024-08-07,+972 50-642-1776,ron.hadad@university.ac.il,Computer Science
387,Yonatan,Gavrieli,Male,2000-10-16,2024-08-01,+972 51-667-3945,yonatan.gavrieli@university.ac.il,Biology
388,Tamar,Shalom,Female,2001-05-23,2024-05-07,+972 59-590-1979,tamar.shalom@university.ac.il,Biology
389,Nadav,Alfasi,Male,2003-09-12,2024-01-10,+972 57-642-2357,nadav.alfasi@university.ac.il,Biology
390,Shira,Shohat,Female,2000-05-30,2024-11-20,+972 52-234-5559,shira.shohat@university.ac.il,Mathematics
391,Gavriel,Avrahami,Male,2001-07-09,2024-07-03,+972 58-669-5778,gavriel.avrahami@university.ac.il,Chemistry
392,Maya,Lavi,Female,2001-08-06,2024-11-02,+972 57-541-4692,maya.lavi@university.ac.il,Physics
393,Lior,Friedman,Male,2000-01-05,2023-08-11,+972 51-401-7447,lior.friedman@university.ac.il,Chemistry
394,Lior,Levi,Male,2002-12-06,2024-11-11,+972 56-732-6835,lior.levi@university.ac.il,Mathematics
395,Iris,Shapiro,Female,2004-03-27,2023-07-15,+972 50-742-3873,iris.shapiro@university.ac.il,Biology
396,Iris,Ezra,Female,2004-02-29,2023-12-14,+972 55-246-3784,iris.ezra@university.ac.il,Mathematics
397,Eliana,Goren,Female,2003-04-24,2024-12-23,+972 58-181-4745,eliana.goren@university.ac.il,Chemistry
398,Nitzan,Amar,Female,2004-03-08,2024-05-14,+972 54-603-7752,nitzan.amar@university.ac.il,Mathematics
399,Eitan,Sasson,Male,2004-11-01,2024-10-27,+972 55-599-5799,eitan.sasson@university.ac.il,Chemistry
400,Yaakov,Shaked,Male,2000-08-04,2024-09-03,+972 58-738-7246,yaakov.shaked@university.ac.il,Biology
401,Aviv,Amar,Male,2000-12-17,2023-10-17,+972 53-887-1306,aviv.amar@university.ac.il,Mathematics
402,Reut,Shuster,Female,2004-02-07,2024-08-06,+972 50-778-9110,reut.shuster@university.ac.il,Physics
403,Raz,Sharon,Female,2005-07-06,2024-11-04,+972 50-662-8661,raz.sharon@university.ac.il,Computer Science
404,Benny,Kadosh,Male,2004-11-27,2025-01-29,+972 56-812-1778,benny.kadosh@university.ac.il,Physics
405,Daniel,Tal,Male,2006-04-10,2024-11-07,+972 50-613-4722,daniel.tal@university.ac.il,Computer Science
406,Aviv,Abraham,Male,2006-09-07,2024-11-15,+972 59-703-9959,aviv.abraham@university.ac.il,Physics
407,Talia,Tal,Female,2003-11-23,2024-11-12,+972 57-896-7297,talia.tal@university.ac.il,Chemistry
408,Noa,Menachem,Female,2006-11-22,2023-12-08,+972 50-879-8768,noa.menachem@university.ac.il,Biology
409,Yaakov,Sasson,Male,2000-09-04,2024-02-23,+972 53-981-6744,yaakov.sasson@university.ac.il,Mathematics
410,Hadar,Zarfati,Female,2002-09-11,2024-09-19,+972 53-149-4178,hadar.zarfati@university.ac.il,Mathematics
411,Benny,Wexler,Male,1999-07-29,2024-09-07,+972 53-381-3447,benny.wexler@university.ac.il,Chemistry
412,Shaked,Perlman,Female,2003-08-18,2023-11-21,+972 50-181-6876,shaked.perlman@university.ac.il,Biology
413,Eden,Elbaz,Female,2001-09-25,2025-01-11,+972 55-250-4530,eden.elbaz@university.ac.il,Physics
414,Eden,Givon,Female,2006-05-07,2024-05-18,+972 53-162-1496,eden.givon@university.ac.il,Chemistry
415,Rivka,Navon,Female,2000-07-17,2024-02-10,+972 59-965-1601,rivka.navon@university.ac.il,Physics
416,Yael,Dayan,Female,2004-12-31,2024-08-24,+972 52-185-5181,yael.dayan@university.ac.il,Computer Science
417,Asaf,Avrahami,Male,2000-07-09,2025-02-28,+972 54-576-7982,asaf.avrahami@university.ac.il,Computer Science
418,Rivka,Harari,Female,2001-03-16,2025-01-18,+972 55-571-1685,rivka.harari@university.ac.il,Computer Science
419,Iris,Peretz,Female,2003-03-22,2024-11-19,+972 53-489-4841,iris.peretz@university.ac.il,Computer Science
420,Tal,Gabbay,Female,2001-02-10,2023-09-29,+972 57-627-2116,tal.gabbay@university.ac.il,Physics
421,Raz,Shaked,Female,2000-12-12,2023-04-03,+972 55-999-2897,raz.shaked@university.ac.il,Mathematics
422,Eliana,Gavrieli,Female,2001-10-28,2024-01-24,+972 54-443-6856,eliana.gavrieli@university.ac.il,Computer Science
423,Asaf,Sasson,Male,2005-06-18,2023-12-29,+972 51-638-7254,asaf.sasson@university.ac.il,Computer Science
424,Itai,Zohar,Male,2003-08-28,2023-06-29,+972 56-562-7574,itai.zohar@university.ac.il,Computer Science
425,Itai,Gavish,Male,2004-05-13,2023-07-03,+972 54-651-3076,itai.gavish@university.ac.il,Physics
426,Reut,Cohen,Female,2001-04-23,2024-02-05,+972 55-381-5486,reut.cohen@university.ac.il,Mathematics
427,Hila,Shaked,Female,2005-10-08,2025-03-05,+972 53-322-8290,hila.shaked@university.ac.il,Chemistry
428,Asaf,Levi,Male,2004-06-30,2023-08-02,+972 51-533-5537,asaf.levi@university.ac.il,Mathematics
429,Gavriel,Golan,Male,2001-10-08,2024-05-14,+972 58-243-6182,gavriel.golan@university.ac.il,Mathematics
430,Aviv,Hadad,Male,2002-03-16,2024-09-20,+972 52-372-1560,aviv.hadad@university.ac.il,Physics
431,Talia,Baruch,Female,2000-05-18,2023-10-01,+972 55-536-6930,talia.baruch@university.ac.il,Chemistry
432,Reut,Shoshani,Female,2002-07-17,2024-10-06,+972 58-367-3967,reut.shoshani@university.ac.il,Biology
433,Eitan,Givon,Male,2006-03-06,2023-11-29,+972 57-802-7014,eitan.givon@university.ac.il,Biology
434,Eliana,Ashkenazi,Female,2002-06-23,2024-12-26,+972 56-576-8733,eliana.ashkenazi@university.ac.il,Computer Science
435,Amit,Soffer,Female,2005-04-20,2023-11-10,+972 56-183-2566,amit.soffer@university.ac.il,Computer Science
436,Yaakov,Goldstein,Male,2003-07-18,2024-05-05,+972 57-406-9629,yaakov.goldstein@university.ac.il,Physics
437,Ron,Zohar,Male,2000-07-10,2025-01-21,+972 52-414-2061,ron.zohar@university.ac.il,Computer Science
438,Iris,Friedman,Female,2006-08-14,2024-05-08,+972 56-498-7695,iris.friedman@university.ac.il,Biology
439,Talia,Elbaz,Female,2000-02-04,2023-12-01,+972 58-253-7199,talia.elbaz@university.ac.il,Chemistry
440,Raz,Biton,Female,2004-04-08,2023-11-02,+972 55-953-1661,raz.biton@university.ac.il,Physics
441,Alon,Azoulay,Male,2005-11-17,2024-12-30,+972 57-585-6838,alon.azoulay@university.ac.il,Mathematics
442,Hila,Bashan,Female,2004-10-31,2024-10-02,+972 51-136-6332,hila.bashan@university.ac.il,Mathematics
443,Tal,Shaked,Female,2003-11-01,2023-08-27,+972 57-781-1731,tal.shaked@university.ac.il,Biology
444,Tamar,Harel,Female,2000-12-02,2024-05-04,+972 52-654-5853,tamar.harel@university.ac.il,Physics
445,Ron,Gavish,Male,2005-08-18,2023-09-24,+972 50-570-4280,ron.gavish@university.ac.il,Chemistry
446,Gavriel,Shabtai,Male,2006-08-13,2025-01-26,+972 51-783-6422,gavriel.shabtai@university.ac.il,Biology
447,Hila,Katz,Female,2007-01-09,2024-09-15,+972 52-687-9347,hila.katz@university.ac.il,Biology
448,Hadar,Hadad,Female,2000-12-29,2024-09-05,+972 59-325-6969,hadar.hadad@university.ac.il,Biology
449,Yossi,Peretz,Male,2005-04-03,2024-11-13,+972 57-234-8680,yossi.peretz@university.ac.il,Computer Science
450,Tamar,Ashkenazi,Female,2006-10-28,2025-01-24,+972 55-174-6092,tamar.ashkenazi@university.ac.il,Chemistry
451,Shay,Gavrieli,Male,2004-03-24,2023-06-08,+972 54-465-2348,shay.gavrieli@university.ac.il,Chemistry
452,Shaked,Levi,Female,2004-06-14,2024-01-29,+972 59-938-8606,shaked.levi@university.ac.il,Biology
453,Shay,Goren,Male,2005-04-15,2024-08-11,+972 54-354-2486,shay.goren@university.ac.il,Chemistry
454,Yael,Ben-Zvi,Female,2004-05-31,2023-07-24,+972 54-476-7056,yael.ben-zvi@university.ac.il,Computer Science
455,Talia,Shabtai,Female,2007-03-07,2024-12-22,+972 51-943-7866,talia.shabtai@university.ac.il,Computer Science
456,Raz,Mizrahi,Female,2001-12-23,2024-11-04,+972 53-179-3745,raz.mizrahi@university.ac.il,Biology
457,Asaf,Soffer,Male,1999-04-19,2025-01-25,+972 50-956-2582,asaf.soffer@university.ac.il,Physics
458,Lior,Mizrahi,Male,2001-06-01,2025-02-13,+972 55-320-4025,lior.mizrahi@university.ac.il,Chemistry
459,David,Tzukrel,Male,2006-10-01,2025-01-11,+972 56-275-5889,david.tzukrel@university.ac.il,Chemistry
460,Yossi,Shuster,Male,2000-03-24,2023-05-18,+972 57-598-2704,yossi.shuster@university.ac.il,Chemistry
461,Aviv,Ben-Tovim,Male,2002-12-12,2024-07-08,+972 54-368-4736,aviv.ben-tovim@university.ac.il,Computer Science
462,David,Harari,Male,2000-05-05,2023-04-10,+972 55-861-2524,david.harari@university.ac.il,Chemistry
463,Itai,Sasson,Male,2001-09-11,2023-11-01,+972 59-100-3032,itai.sasson@university.ac.il,Biology
464,Omer,Ben-David,Male,2003-05-10,2023-11-01,+972 52-204-5760,omer.ben-david@university.ac.il,Physics
465,Reut,Tzukrel,Female,2003-08-31,2023-06-16,+972 55-329-3024,reut.tzukrel@university.ac.il,Biology
466,Omer,Tzukrel,Male,2002-12-03,2023-05-25,+972 56-129-9919,omer.tzukrel@university.ac.il,Physics
467,Aviv,Lavi,Male,1999-05-30,2023-04-17,+972 53-746-8269,aviv.lavi@university.ac.il,Computer Science
468,Tamar,Shoshan,Female,2005-05-23,2023-06-03,+972 56-218-4726,tamar.shoshan@university.ac.il,Biology
469,Reut,Cohen,Female,2004-06-21,2023-12-25,+972 50-359-9181,reut.cohen@university.ac.il,Computer Science
470,Daniel,Katz,Male,2002-03-26,2025-03-22,+972 55-961-2708,daniel.katz@university.ac.il,Mathematics
471,Nitzan,Hershkovitz,Female,2004-02-07,2023-07-19,+972 53-741-1975,nitzan.hershkovitz@university.ac.il,Biology
472,Asaf,Menachem,Male,2004-12-14,2024-07-20,+972 56-122-8848,asaf.menachem@university.ac.il,Biology
473,Maya,Ben-Tovim,Female,2003-12-18,2024-12-29,+972 51-381-4303,maya.ben-tovim@university.ac.il,Computer Science
474,Hadar,Zamir,Female,2006-07-09,2023-11-11,+972 59-230-1234,hadar.zamir@university.ac.il,Computer Science
475,Shira,Bashan,Female,2004-11-30,2024-01-21,+972 55-338-3997,shira.bashan@university.ac.il,Mathematics
476,Eden,Shalmon,Female,2005-01-23,2024-04-02,+972 57-381-8673,eden.shalmon@university.ac.il,Chemistry
477,David,Ben-Zvi,Male,2004-01-28,2024-02-11,+972 59-252-9708,david.ben-zvi@university.ac.il,Computer Science
478,Nitzan,Mizrahi,Female,2006-09-09,2025-03-13,+972 50-662-8912,nitzan.mizrahi@university.ac.il,Computer Science
479,Omer,Shohat,Male,1999-12-23,2024-10-14,+972 57-829-9813,omer.shohat@university.ac.il,Chemistry
480,Rivka,Shapira,Female,2001-11-08,2023-06-05,+972 52-860-9945,rivka.shapira@university.ac.il,Chemistry
481,Shaked,Shapiro,Female,2006-10-16,2023-12-21,+972 59-478-3276,shaked.shapiro@university.ac.il,Mathematics
482,David,Shabtai,Male,2002-03-11,2023-04-28,+972 58-684-4766,david.shabtai@university.ac.il,Mathematics
483,Tamar,Sharabi,Female,1999-06-25,2025-01-19,+972 54-238-6102,tamar.sharabi@university.ac.il,Mathematics
484,Eden,Kalach,Female,2005-05-17,2024-08-26,+972 54-232-3305,eden.kalach@university.ac.il,Chemistry
485,Noa,Berkovitz,Female,2005-01-21,2024-05-19,+972 50-350-8247,noa.berkovitz@university.ac.il,Physics
486,Asaf,Avraham,Male,2001-10-29,2024-05-16,+972 55-595-5732,asaf.avraham@university.ac.il,Mathematics
487,Hila,Cohen,Female,2001-02-10,2023-07-19,+972 53-632-4142,hila.cohen@university.ac.il,Biology
488,Yael,Sasson,Female,2000-05-14,2023-06-14,+972 54-900-3722,yael.sasson@university.ac.il,Computer Science
489,Itai,Zohar,Male,2002-10-19,2025-03-22,+972 55-956-3719,itai.zohar@university.ac.il,Computer Science
490,Maya,Harel,Female,2003-02-22,2023-12-17,+972 52-112-6943,maya.harel@university.ac.il,Computer Science
491,Omri,Soffer,Male,2003-08-10,2023-06-24,+972 54-397-1024,omri.soffer@university.ac.il,Biology
492,David,Sharabi,Male,2005-09-11,2025-02-19,+972 52-291-5451,david.sharabi@university.ac.il,Biology
493,Eliana,Peretz,Female,1999-07-24,2024-03-04,+972 57-374-7208,eliana.peretz@university.ac.il,Computer Science
494,Omri,Golan,Male,2004-10-23,2023-07-06,+972 56-905-1077,omri.golan@university.ac.il,Physics
495,Yonatan,Mor,Male,2002-08-15,2023-06-01,+972 50-606-9782,yonatan.mor@university.ac.il,Computer Science
496,Asaf,Amar,Male,2000-11-06,2023-08-30,+972 52-251-7935,asaf.amar@university.ac.il,Mathematics
497,Eitan,Yaron,Male,2005-12-02,2024-01-29,+972 57-518-6679,eitan.yaron@university.ac.il,Physics
498,David,Dahan,Male,2001-08-18,2025-01-22,+972 52-329-5346,david.dahan@university.ac.il,Biology
499,Omer,Shuster,Male,2004-03-09,2024-10-31,+972 53-469-7903,omer.shuster@university.ac.il,Chemistry
500,Asaf,Shalom,Male,2003-05-07,2024-04-02,+972 52-909-3395,asaf.shalom@university.ac.il,Biology
501,Tamar,Yaron,Female,1999-07-17,2024-11-29,+972 57-536-6474,tamar.yaron@university.ac.il,Mathematics
502,Gavriel,Katz,Male,2002-10-19,2025-02-04,+972 57-862-8609,gavriel.katz@university.ac.il,Computer Science
503,Yossi,Goldstein,Male,2001-05-16,2024-11-01,+972 51-153-8467,yossi.goldstein@university.ac.il,Mathematics
504,Amit,Peretz,Female,2001-11-21,2024-08-24,+972 59-491-3307,amit.peretz@university.ac.il,Physics
505,Gadi,Rosenberg,Male,2003-04-23,2024-06-02,+972 57-835-5526,gadi.rosenberg@university.ac.il,Chemistry
506,Ron,Shohat,Male,2006-11-03,2024-09-12,+972 52-885-7314,ron.shohat@university.ac.il,Computer Science
507,Ron,Dahan,Male,2005-11-28,2023-06-24,+972 53-257-5997,ron.dahan@university.ac.il,Biology
508,Gadi,Elbaz,Male,2005-03-13,2024-10-18,+972 59-591-7315,gadi.elbaz@university.ac.il,Computer Science
509,Lior,Shalmon,Male,2005-02-27,2025-01-29,+972 54-367-8329,lior.shalmon@university.ac.il,Mathematics
510,Gavriel,Zarfati,Male,2005-12-09,2025-02-25,+972 57-451-1367,gavriel.zarfati@university.ac.il,Physics
511,Eden,Peretz,Female,2001-02-25,2024-04-25,+972 58-670-1863,eden.peretz@university.ac.il,Mathematics
512,Talia,Amar,Female,1999-10-24,2023-10-21,+972 50-585-9821,talia.amar@university.ac.il,Biology
513,Noa,Ben-Ami,Female,2001-10-15,2023-10-06,+972 57-474-2359,noa.ben-ami@university.ac.il,Physics
514,Asaf,Shushan,Male,2006-03-02,2023-04-21,+972 51-700-8864,asaf.shushan@university.ac.il,Biology
515,Hila,Kadosh,Female,2004-06-13,2024-05-04,+972 55-783-4638,hila.kadosh@university.ac.il,Chemistry
516,Benny,Gerstein,Male,2000-10-10,2024-11-04,+972 54-876-4771,benny.gerstein@university.ac.il,Computer Science
517,Hila,Halevi,Female,2002-05-19,2023-12-03,+972 55-662-8707,hila.halevi@university.ac.il,Biology
518,Lior,Shushan,Male,2001-12-07,2024-08-26,+972 59-609-5467,lior.shushan@university.ac.il,Chemistry
519,Shaked,Natan,Female,2005-12-25,2023-09-30,+972 58-137-3043,shaked.natan@university.ac.il,Mathematics
520,Maya,Ashkenazi,Female,2001-04-14,2023-08-22,+972 57-997-5016,maya.ashkenazi@university.ac.il,Physics
521,Lior,Shoshani,Male,2000-05-11,2024-04-03,+972 55-421-3294,lior.shoshani@university.ac.il,Computer Science
522,Lior,Safra,Male,2006-03-30,2023-12-29,+972 59-691-6609,lior.safra@university.ac.il,Computer Science
523,Tal,Shaked,Female,2003-03-20,2025-01-11,+972 55-436-9052,tal.shaked@university.ac.il,Computer Science
524,David,Golan,Male,2002-03-18,2024-04-01,+972 56-471-9537,david.golan@university.ac.il,Chemistry
525,Iris,Biton,Female,2006-01-17,2023-07-16,+972 51-601-9814,iris.biton@university.ac.il,Computer Science
526,Eliana,Elbaz,Female,2004-11-02,2025-01-29,+972 58-425-9984,eliana.elbaz@university.ac.il,Chemistry
527,Ron,Sasson,Male,2005-03-10,2024-07-31,+972 55-103-3405,ron.sasson@university.ac.il,Physics
528,Gal,Shohat,Male,2004-07-24,2024-08-03,+972 56-977-3298,gal.shohat@university.ac.il,Chemistry
529,Eliana,Mor,Female,2001-10-24,2023-12-10,+972 58-381-6499,eliana.mor@university.ac.il,Mathematics
530,Shay,Shapira,Male,2000-02-04,2025-02-17,+972 53-195-1053,shay.shapira@university.ac.il,Computer Science
531,Reut,Friedman,Female,2002-11-20,2024-12-22,+972 51-464-5240,reut.friedman@university.ac.il,Biology
532,Rivka,Gabbai,Female,2000-01-26,2023-06-09,+972 52-628-1493,rivka.gabbai@university.ac.il,Biology
533,Tamar,Elbaz,Female,2004-10-12,2024-12-22,+972 50-864-6056,tamar.elbaz@university.ac.il,Computer Science
534,Yael,Lavi,Female,1999-12-23,2023-07-06,+972 54-885-9618,yael.lavi@university.ac.il,Physics
535,Hila,Shaked,Female,1999-06-16,2024-06-29,+972 58-166-2311,hila.shaked@university.ac.il,Mathematics
536,Gavriel,Ashkenazi,Male,2004-01-30,2023-06-29,+972 57-544-5057,gavriel.ashkenazi@university.ac.il,Mathematics
537,Talia,Gavrieli,Female,2000-09-22,2024-10-29,+972 59-979-7404,talia.gavrieli@university.ac.il,Chemistry
538,Rivka,Harari,Female,1999-08-23,2025-03-24,+972 57-792-2524,rivka.harari@university.ac.il,Mathematics
539,David,Mizrahi,Male,2004-10-11,2025-03-05,+972 51-920-9680,david.mizrahi@university.ac.il,Mathematics
540,Asaf,Kadosh,Male,1999-05-08,2024-04-06,+972 50-768-3331,asaf.kadosh@university.ac.il,Chemistry
541,Nadav,Ben-Ami,Male,2004-10-13,2023-09-21,+972 53-466-7995,nadav.ben-ami@university.ac.il,Physics
542,Nadav,Ashkenazi,Male,2005-06-14,2024-06-09,+972 51-602-2765,nadav.ashkenazi@university.ac.il,Mathematics
543,Asaf,Sharon,Male,2004-08-13,2024-06-05,+972 57-754-5478,asaf.sharon@university.ac.il,Computer Science
544,Raz,Golan,Female,2006-10-25,2023-04-29,+972 52-254-6457,raz.golan@university.ac.il,Biology
545,Michal,Shoshani,Female,2001-06-03,2025-01-23,+972 51-459-9722,michal.shoshani@university.ac.il,Physics
546,Michal,Ben-Ami,Female,2000-10-31,2023-06-28,+972 59-100-4108,michal.ben-ami@university.ac.il,Physics
547,Shira,Kadosh,Female,2005-10-13,2024-01-02,+972 52-576-8319,shira.kadosh@university.ac.il,Biology
548,Reut,Mor,Female,2002-08-21,2023-10-30,+972 59-648-5056,reut.mor@university.ac.il,Chemistry
549,Omri,Ben-Tovim,Male,1999-03-30,2023-06-02,+972 55-119-2654,omri.ben-tovim@university.ac.il,Chemistry
550,Gadi,Zarfati,Male,2002-12-25,2024-01-31,+972 56-530-7339,gadi.zarfati@university.ac.il,Physics
551,Maya,Ashkenazi,Female,2004-03-13,2024-02-04,+972 50-914-7759,maya.ashkenazi@university.ac.il,Mathematics
552,Shay,Kadosh,Male,2003-05-18,2025-02-18,+972 58-691-1547,shay.kadosh@university.ac.il,Computer Science
553,Nadav,Shapira,Male,2006-08-06,2024-06-23,+972 57-334-8059,nadav.shapira@university.ac.il,Chemistry
554,Talia,Sasson,Female,2004-10-02,2024-04-06,+972 50-993-6717,talia.sasson@university.ac.il,Chemistry
555,Asaf,Alfasi,Male,2001-08-27,2024-09-21,+972 51-479-5182,asaf.alfasi@university.ac.il,Computer Science
556,Talia,Katz,Female,2003-11-11,2023-06-18,+972 56-608-4207,talia.katz@university.ac.il,Computer Science
557,Tamar,Levi,Female,2002-07-16,2024-12-31,+972 53-456-1210,tamar.levi@university.ac.il,Computer Science
558,David,Hershkovitz,Male,2006-02-05,2024-06-15,+972 50-947-8141,david.hershkovitz@university.ac.il,Physics
559,Asaf,Perlman,Male,2001-10-14,2024-08-22,+972 56-436-5039,asaf.perlman@university.ac.il,Physics
560,Talia,Yaron,Female,2000-08-04,2025-01-19,+972 53-265-1073,talia.yaron@university.ac.il,Mathematics
561,Eden,Givon,Female,2004-06-16,2023-05-19,+972 54-322-4897,eden.givon@university.ac.il,Mathematics
562,Shaked,Tzukrel,Female,2000-04-17,2023-08-21,+972 58-803-7154,shaked.tzukrel@university.ac.il,Physics
563,Talia,Abraham,Female,2004-07-16,2023-06-04,+972 54-393-8930,talia.abraham@university.ac.il,Computer Science
564,Yossi,Amar,Male,1999-04-10,2024-02-10,+972 51-185-7403,yossi.amar@university.ac.il,Biology
565,Yaakov,Elbaz,Male,2002-10-26,2023-07-29,+972 54-822-7163,yaakov.elbaz@university.ac.il,Mathematics
566,Michal,Shoshani,Female,2003-06-10,2025-01-07,+972 53-889-7660,michal.shoshani@university.ac.il,Computer Science
567,Talia,Gabbay,Female,2002-03-30,2024-02-12,+972 57-310-5118,talia.gabbay@university.ac.il,Computer Science
568,Noa,Shoshan,Female,2006-08-26,2023-05-10,+972 57-650-8775,noa.shoshan@university.ac.il,Chemistry
569,Eden,Avrahami,Female,2005-04-25,2024-02-23,+972 54-911-8648,eden.avrahami@university.ac.il,Physics
570,Aviv,Tal,Male,2002-06-23,2025-02-06,+972 56-244-7566,aviv.tal@university.ac.il,Chemistry
571,Eitan,Shabtai,Male,2000-03-02,2023-12-23,+972 57-806-2311,eitan.shabtai@university.ac.il,Mathematics
572,Alon,Ben-David,Male,2001-07-19,2025-02-06,+972 58-278-1690,alon.ben-david@university.ac.il,Computer Science
573,Benny,Golan,Male,2000-06-27,2024-12-06,+972 57-904-1567,benny.golan@university.ac.il,Mathematics
574,Eliana,Harari,Female,2004-04-04,2024-12-10,+972 59-783-5047,eliana.harari@university.ac.il,Physics
575,Aviv,Carmi,Male,2004-01-07,2024-04-13,+972 55-876-9887,aviv.carmi@university.ac.il,Computer Science
576,Omer,Hershkovitz,Male,2002-08-16,2023-05-05,+972 54-129-4747,omer.hershkovitz@university.ac.il,Mathematics
577,Iris,Elbaz,Female,2001-03-31,2023-08-17,+972 58-765-4454,iris.elbaz@university.ac.il,Computer Science
578,Tal,Sasson,Female,2006-03-28,2024-02-26,+972 53-261-3938,tal.sasson@university.ac.il,Biology
579,Eliana,Perlman,Female,2000-12-16,2024-03-10,+972 58-762-3461,eliana.perlman@university.ac.il,Chemistry
580,Shay,Berkovitz,Male,1999-06-23,2025-02-07,+972 57-296-8973,shay.berkovitz@university.ac.il,Physics
581,Iris,Levi,Female,1999-08-19,2023-09-08,+972 51-436-3555,iris.levi@university.ac.il,Physics
582,Ron,Kalach,Male,2003-10-22,2025-01-17,+972 55-349-6142,ron.kalach@university.ac.il,Chemistry
583,Reut,Harari,Female,1999-04-26,2025-02-06,+972 52-391-2315,reut.harari@university.ac.il,Mathematics
584,Itai,Lavi,Male,2003-07-06,2023-07-14,+972 51-780-1920,itai.lavi@university.ac.il,Computer Science
585,Omri,Eliyahu,Male,2004-01-11,2024-05-25,+972 57-571-5676,omri.eliyahu@university.ac.il,Chemistry
586,Noa,Menachem,Female,2006-09-29,2024-03-23,+972 52-271-1753,noa.menachem@university.ac.il,Biology
587,Itai,Zarfati,Male,2002-01-12,2023-12-03,+972 56-202-7966,itai.zarfati@university.ac.il,Physics
588,Daniel,Menachem,Male,2003-03-07,2023-06-21,+972 58-101-4841,daniel.menachem@university.ac.il,Physics
589,Nadav,Dahan,Male,2004-04-14,2023-11-03,+972 52-922-9943,nadav.dahan@university.ac.il,Physics
590,Asaf,Ben-Tovim,Male,2001-06-20,2024-08-15,+972 53-807-7415,asaf.ben-tovim@university.ac.il,Biology
591,Daniel,Shimon,Male,2004-10-31,2025-03-09,+972 53-134-6020,daniel.shimon@university.ac.il,Physics
592,Shay,Shoshan,Male,2001-10-10,2025-03-06,+972 53-800-8698,shay.shoshan@university.ac.il,Biology
593,Daniel,Amar,Male,2002-07-09,2025-03-09,+972 52-497-3559,daniel.amar@university.ac.il,Computer Science
594,Iris,Rabinovich,Female,2000-05-06,2023-04-13,+972 52-433-2664,iris.rabinovich@university.ac.il,Physics
595,Benny,Kalach,Male,2003-03-13,2024-11-02,+972 55-594-8067,benny.kalach@university.ac.il,Chemistry
596,Tamar,Gabbay,Female,2001-02-12,2023-04-13,+972 50-312-9859,tamar.gabbay@university.ac.il,Chemistry
597,Daniel,Shushan,Male,1999-06-28,2023-10-19,+972 53-471-3859,daniel.shushan@university.ac.il,Computer Science
598,Omri,Dahan,Male,2005-05-15,2024-06-04,+972 58-772-9115,omri.dahan@university.ac.il,Mathematics
599,Gadi,Elbaz,Male,2002-10-26,2024-01-26,+972 51-962-4172,gadi.elbaz@university.ac.il,Chemistry
600,Benny,Chaimovitz,Male,2002-10-09,2024-12-21,+972 52-340-6065,benny.chaimovitz@university.ac.il,Computer Science
601,Aviv,Gabbai,Male,1999-05-31,2025-01-05,+972 54-475-3081,aviv.gabbai@university.ac.il,Physics
602,Gal,Harari,Male,2001-02-20,2024-03-14,+972 59-308-1404,gal.harari@university.ac.il,Computer Science
603,Maya,Zohar,Female,1999-08-11,2023-12-07,+972 51-516-4066,maya.zohar@university.ac.il,Biology
604,David,Avrahami,Male,2005-06-04,2024-07-07,+972 55-563-6214,david.avrahami@university.ac.il,Physics
605,Nitzan,Shoshani,Female,2005-12-05,2023-12-16,+972 54-905-7130,nitzan.shoshani@university.ac.il,Mathematics
606,Tamar,Gabbay,Female,1999-05-17,2025-01-31,+972 59-119-8231,tamar.gabbay@university.ac.il,Mathematics
607,Shay,Kuperstein,Male,1999-05-18,2024-04-29,+972 59-934-8558,shay.kuperstein@university.ac.il,Biology
608,Nadav,Natan,Male,2002-07-16,2024-07-27,+972 59-379-5719,nadav.natan@university.ac.il,Mathematics
609,Tamar,Goren,Female,2000-04-20,2024-11-24,+972 56-667-9835,tamar.goren@university.ac.il,Physics
610,Hadar,Mizrahi,Female,2002-07-22,2024-01-31,+972 53-751-1497,hadar.mizrahi@university.ac.il,Chemistry
611,Noa,Navon,Female,1999-12-16,2023-07-29,+972 55-430-7339,noa.navon@university.ac.il,Mathematics
612,Gadi,Gavrieli,Male,2005-02-25,2024-10-14,+972 55-755-4055,gadi.gavrieli@university.ac.il,Mathematics
613,Michal,Chaimovitz,Female,2001-03-19,2023-11-19,+972 54-866-2369,michal.chaimovitz@university.ac.il,Physics
614,Daniel,Perlman,Male,2006-06-20,2024-05-20,+972 59-318-6563,daniel.perlman@university.ac.il,Computer Science
615,Michal,Shimon,Female,2000-06-23,2024-07-03,+972 53-987-4065,michal.shimon@university.ac.il,Mathematics
616,Aviv,Shuster,Male,2004-06-19,2024-05-03,+972 56-840-4809,aviv.shuster@university.ac.il,Chemistry
617,Talia,Azoulay,Female,2004-12-30,2023-08-28,+972 53-444-2134,talia.azoulay@university.ac.il,Biology
618,Shay,Turgeman,Male,2006-03-20,2023-07-26,+972 57-207-1887,shay.turgeman@university.ac.il,Chemistry
619,David,Shalmon,Male,2003-09-01,2023-09-09,+972 54-410-4292,david.shalmon@university.ac.il,Biology
620,Gal,Hershkovitz,Male,2006-01-12,2024-06-19,+972 51-964-1864,gal.hershkovitz@university.ac.il,Mathematics
621,Shay,Shoshani,Male,2005-04-12,2025-02-01,+972 55-247-3221,shay.shoshani@university.ac.il,Chemistry
622,Shira,Dahan,Female,2000-07-25,2023-11-30,+972 53-951-3339,shira.dahan@university.ac.il,Chemistry
623,Omer,Luzon,Male,2005-10-29,2024-04-11,+972 58-498-9409,omer.luzon@university.ac.il,Computer Science
624,Shira,Sasson,Female,2005-11-22,2024-08-22,+972 56-467-7318,shira.sasson@university.ac.il,Biology
625,Yaakov,Shimon,Male,2005-07-22,2024-01-30,+972 51-654-2193,yaakov.shimon@university.ac.il,Biology
626,Gadi,Kuperstein,Male,2005-10-28,2023-05-04,+972 52-557-4355,gadi.kuperstein@university.ac.il,Mathematics
627,Omer,Givon,Male,2005-01-12,2024-02-05,+972 57-340-5380,omer.givon@university.ac.il,Mathematics
628,Yonatan,Gerstein,Male,2005-12-11,2023-08-20,+972 52-697-8289,yonatan.gerstein@university.ac.il,Computer Science
629,David,Eliyahu,Male,2004-05-19,2023-05-12,+972 56-773-7325,david.eliyahu@university.ac.il,Biology
630,Noa,Levi,Female,2000-10-19,2024-02-18,+972 59-114-6602,noa.levi@university.ac.il,Computer Science
631,Itai,Gabbai,Male,1999-11-28,2023-04-13,+972 59-945-1405,itai.gabbai@university.ac.il,Computer Science
632,Hadar,Shushan,Female,2004-05-10,2023-09-17,+972 50-182-3011,hadar.shushan@university.ac.il,Chemistry
633,Shira,Golan,Female,2006-11-07,2024-06-01,+972 58-274-4598,shira.golan@university.ac.il,Mathematics
634,Itai,Ashkenazi,Male,2004-04-17,2024-01-30,+972 53-761-5447,itai.ashkenazi@university.ac.il,Mathematics
635,Eitan,Cohen,Male,2006-12-31,2024-02-17,+972 57-209-7971,eitan.cohen@university.ac.il,Mathematics
636,Eliana,Mizrahi,Female,2007-03-03,2023-08-22,+972 54-344-8858,eliana.mizrahi@university.ac.il,Physics
637,Omri,Golan,Male,1999-08-02,2024-12-29,+972 54-434-1909,omri.golan@university.ac.il,Mathematics
638,Michal,Peretz,Female,2004-09-29,2024-11-03,+972 53-355-1091,michal.peretz@university.ac.il,Chemistry
639,Amit,Shalom,Female,2002-08-18,2024-03-05,+972 50-974-4590,amit.shalom@university.ac.il,Computer Science
640,Raz,Biton,Female,2001-04-20,2023-09-11,+972 55-730-8826,raz.biton@university.ac.il,Chemistry
641,Shaked,Shoshani,Female,2005-01-03,2023-10-27,+972 56-645-7281,shaked.shoshani@university.ac.il,Physics
642,Eliana,Harari,Female,2001-01-23,2024-04-09,+972 55-825-2316,eliana.harari@university.ac.il,Physics
643,Eliana,Dayan,Female,2000-06-03,2025-02-17,+972 52-399-5640,eliana.dayan@university.ac.il,Mathematics
644,Ron,Ben-Zvi,Male,2001-09-07,2025-01-09,+972 50-847-1420,ron.ben-zvi@university.ac.il,Physics
645,Noa,Zohar,Female,2003-04-21,2023-12-20,+972 54-881-9214,noa.zohar@university.ac.il,Biology
646,Lior,Givon,Male,2005-10-07,2025-01-22,+972 51-714-6539,lior.givon@university.ac.il,Chemistry
647,Aviv,Shuster,Male,2003-12-22,2023-04-25,+972 54-635-6332,aviv.shuster@university.ac.il,Biology
648,Eliana,Cohen,Female,2006-09-13,2023-07-12,+972 59-466-5133,eliana.cohen@university.ac.il,Physics
649,Omri,Shuster,Male,2001-01-16,2024-10-13,+972 53-275-7371,omri.shuster@university.ac.il,Mathematics
650,Gadi,Shimon,Male,2006-08-23,2025-01-09,+972 53-904-4319,gadi.shimon@university.ac.il,Computer Science
651,Shaked,Malka,Female,1999-06-29,2024-12-31,+972 58-262-8937,shaked.malka@university.ac.il,Biology
652,Yonatan,Eliyahu,Male,2006-10-25,2024-03-18,+972 51-947-9218,yonatan.eliyahu@university.ac.il,Biology
653,Alon,Goldstein,Male,2001-10-08,2024-03-13,+972 52-503-4891,alon.goldstein@university.ac.il,Chemistry
654,Benny,Ben-Ami,Male,2002-08-07,2024-12-26,+972 53-344-2603,benny.ben-ami@university.ac.il,Biology
655,Eitan,Ben-Tovim,Male,2000-01-24,2024-11-09,+972 57-669-8695,eitan.ben-tovim@university.ac.il,Computer Science
656,Yaakov,Eliyahu,Male,2006-01-07,2025-03-23,+972 57-441-6555,yaakov.eliyahu@university.ac.il,Mathematics
657,Gal,Shapira,Male,1999-04-24,2024-12-31,+972 58-880-7674,gal.shapira@university.ac.il,Chemistry
658,Shira,Menachem,Female,2005-04-03,2023-08-24,+972 52-603-3390,shira.menachem@university.ac.il,Biology
659,Asaf,Friedman,Male,2000-01-24,2024-06-26,+972 56-502-2930,asaf.friedman@university.ac.il,Biology
660,Itai,Biton,Male,2002-09-01,2023-12-19,+972 51-713-3838,itai.biton@university.ac.il,Mathematics
661,Yossi,Shohat,Male,2000-11-29,2024-04-21,+972 58-386-4715,yossi.shohat@university.ac.il,Computer Science
662,Tamar,Alfasi,Female,2002-06-21,2023-12-11,+972 57-283-4113,tamar.alfasi@university.ac.il,Chemistry
663,Omri,Sharabi,Male,1999-09-18,2023-07-18,+972 56-373-8717,omri.sharabi@university.ac.il,Mathematics
664,Ron,Dahan,Male,2006-11-17,2025-03-08,+972 54-520-3167,ron.dahan@university.ac.il,Biology
665,Daniel,Dayan,Male,2004-07-30,2023-07-16,+972 59-963-6502,daniel.dayan@university.ac.il,Mathematics
666,Shaked,Mizrahi,Female,2006-06-08,2024-12-03,+972 55-543-2869,shaked.mizrahi@university.ac.il,Biology
667,Gal,Baruch,Male,2006-03-04,2025-02-01,+972 59-846-9740,gal.baruch@university.ac.il,Biology
668,Yaakov,Golan,Male,2001-06-18,2024-02-23,+972 57-630-3312,yaakov.golan@university.ac.il,Biology
669,Daniel,Shoshani,Male,2000-05-27,2025-02-15,+972 59-196-5259,daniel.shoshani@university.ac.il,Physics
670,Amit,Friedman,Female,1999-11-10,2024-09-05,+972 52-308-3594,amit.friedman@university.ac.il,Biology
671,Gadi,Golan,Male,2000-01-02,2024-02-28,+972 53-594-4885,gadi.golan@university.ac.il,Chemistry
672,Benny,Amar,Male,2004-11-19,2024-02-11,+972 54-311-4368,benny.amar@university.ac.il,Biology
673,Daniel,Natan,Male,2005-07-02,2024-08-27,+972 52-589-1535,daniel.natan@university.ac.il,Mathematics
674,David,Berkovitz,Male,2003-02-12,2023-12-17,+972 52-312-2845,david.berkovitz@university.ac.il,Chemistry
675,Yaakov,Sasson,Male,2006-03-17,2024-11-03,+972 51-128-4845,yaakov.sasson@university.ac.il,Mathematics
676,Nadav,Shalmon,Male,2004-06-25,2024-10-28,+972 50-969-2374,nadav.shalmon@university.ac.il,Physics
677,Alon,Avraham,Male,1999-12-29,2023-08-18,+972 50-416-2681,alon.avraham@university.ac.il,Biology
678,Omer,Berkovitz,Male,2000-04-09,2023-04-18,+972 56-809-3440,omer.berkovitz@university.ac.il,Chemistry
679,Itai,Sasson,Male,2000-03-18,2024-05-29,+972 51-560-8347,itai.sasson@university.ac.il,Biology
680,Shira,Ozeri,Female,2002-11-18,2024-10-14,+972 52-255-8205,shira.ozeri@university.ac.il,Biology
681,Asaf,Ezra,Male,2000-10-21,2023-10-09,+972 53-144-9576,asaf.ezra@university.ac.il,Mathematics
682,Amit,Kadosh,Female,2006-12-09,2024-08-12,+972 54-986-4561,amit.kadosh@university.ac.il,Computer Science
683,Yossi,Avraham,Male,2003-02-14,2024-04-15,+972 58-164-6766,yossi.avraham@university.ac.il,Chemistry
684,Reut,Turgeman,Female,2005-02-23,2023-04-09,+972 54-648-9377,reut.turgeman@university.ac.il,Computer Science
685,Alon,Gabbay,Male,2002-04-15,2024-12-04,+972 50-930-9504,alon.gabbay@university.ac.il,Mathematics
686,Asaf,Wexler,Male,2002-09-17,2023-11-30,+972 58-955-4173,asaf.wexler@university.ac.il,Physics
687,Ron,Harel,Male,2005-05-11,2024-02-17,+972 52-754-2534,ron.harel@university.ac.il,Physics
688,Eitan,Shuster,Male,2007-02-20,2024-02-17,+972 51-336-3841,eitan.shuster@university.ac.il,Mathematics
689,Yonatan,Hadad,Male,2004-01-22,2024-10-02,+972 51-179-8624,yonatan.hadad@university.ac.il,Biology
690,David,Perlman,Male,2005-06-04,2024-06-27,+972 51-787-7363,david.perlman@university.ac.il,Chemistry
691,Alon,Avraham,Male,1999-07-09,2024-11-14,+972 59-843-3425,alon.avraham@university.ac.il,Physics
692,Nitzan,Harel,Female,2003-12-24,2023-04-17,+972 55-904-4250,nitzan.harel@university.ac.il,Chemistry
693,Nadav,Avraham,Male,2006-06-21,2023-10-26,+972 57-489-8115,nadav.avraham@university.ac.il,Physics
694,Nadav,Dayan,Male,2005-01-20,2025-02-01,+972 58-246-3736,nadav.dayan@university.ac.il,Mathematics
695,Talia,Sasson,Female,2001-08-13,2023-04-30,+972 50-915-6301,talia.sasson@university.ac.il,Mathematics
696,Asaf,Shushan,Male,2002-07-13,2024-10-14,+972 59-212-2251,asaf.shushan@university.ac.il,Mathematics
697,Yonatan,Ben-David,Male,2006-07-02,2024-01-04,+972 58-781-7998,yonatan.ben-david@university.ac.il,Biology
698,David,Ben-Tovim,Male,2001-07-24,2024-05-21,+972 59-718-3377,david.ben-tovim@university.ac.il,Physics
699,Omri,Mizrahi,Male,2001-03-19,2024-10-01,+972 56-800-1547,omri.mizrahi@university.ac.il,Chemistry
700,Hila,Avraham,Female,2003-03-07,2024-07-21,+972 55-910-7510,hila.avraham@university.ac.il,Chemistry
